Domain,Status,Attractiveness,Demand,Length,Sectors,Created,Expires,Registrar
one.tickets,available,132,44%,3,"Business,General,Media,Technology",,,
brief.tickets,available,124,19%,5,"Business,Education,General,Law",,,
second.tickets,available,120,23%,6,"General,Mathematics",,,
complete.tickets,available,120,21%,8,"Manufacturing,Retail,Technology",,,
wizard.tickets,available,118,42%,6,"Entertainment,Media,Technology",,,
tenth.tickets,available,116,7%,5,Mathematics,,,
equal.tickets,available,116,19%,5,"Education,General,Law",,,
flat.tickets,available,116,24%,4,"Construction,Real Estate",,,
tonic.tickets,available,114,22%,5,"Health and Fitness,Medicine,Science",,,
hotshot.tickets,available,112,14%,7,"Business,Entertainment,Sports",,,
above.tickets,available,112,22%,5,Business,,,
zero.tickets,available,112,49%,4,Mathematics,,,
acute.tickets,available,112,9%,5,"Mathematics,Medicine,Science",,,
abstract.tickets,available,108,29%,8,"Arts,Humanities,Science",,,
abiding.tickets,available,106,5%,7,"General,Religion",,,
active.tickets,available,104,27%,6,"Health and Fitness,Sports,Travel",,,
teen.tickets,available,104,14%,4,"Education,Entertainment,Healthcare",,,
expert.tickets,available,104,26%,6,"Business,Education,Technology",,,
absent.tickets,available,102,8%,6,"Business,Education,Technology",,,
captive.tickets,available,102,14%,7,"Entertainment,Hospitality,Technology",,,
eight.tickets,available,102,23%,5,"General,Mathematics",,,
sixth.tickets,available,100,8%,5,Mathematics,,,
abrupt.tickets,available,100,3%,6,"Medicine,Science",,,
adjunct.tickets,available,100,5%,7,Education,,,
crack.tickets,available,100,20%,5,Sports,,,
whiz.tickets,available,100,12%,4,"Business,Education,Technology",,,
eighth.tickets,available,100,6%,6,Mathematics,,,
ninth.tickets,available,100,9%,5,Mathematics,,,
remove.tickets,available,100,13%,6,"Construction,Manufacturing,Technology",,,
third.tickets,available,100,16%,5,Mathematics,,,
whizz.tickets,available,98,11%,5,"Business,Education,Technology",,,
genius.tickets,available,98,46%,6,"Arts,Education,Technology",,,
doable.tickets,available,96,9%,6,"Business,Education,Technology",,,
alamode.tickets,available,96,12%,9,Fashion,,,
actual.tickets,available,96,22%,6,"Real Estate,Retail,Technology",,,
academic.tickets,available,96,20%,8,"Education,Humanities,Science",,,
forgiving.tickets,available,96,3%,9,"Healthcare,Religion",,,
about.tickets,available,94,28%,5,"Business,General,Media,Technology",,,
adequate.tickets,available,94,9%,8,"Education,Healthcare,Technology",,,
abject.tickets,available,94,7%,6,Humanities,,,
around.tickets,available,94,22%,6,"Business,General,Media,Technology",,,
virtuoso.tickets,available,94,16%,8,"Arts,Entertainment",,,
derelict.tickets,available,92,7%,8,"Construction,Real Estate",,,
exemplary.tickets,available,92,5%,9,"Business,Education,Healthcare",,,
neutral.tickets,available,92,20%,7,"Business,Media,Politics",,,
nought.tickets,available,92,4%,6,Mathematics,,,
twentieth.tickets,available,92,3%,9,Mathematics,,,
adjective.tickets,available,92,5%,9,Education,,,
adept.tickets,available,92,24%,5,"Education,Health and Fitness,Sports",,,
next.tickets,available,92,43%,4,"Retail,Technology,Transportation",,,
abroad.tickets,available,92,12%,6,"Hospitality,Travel",,,
leash.tickets,available,90,7%,5,"General,Health and Fitness,Retail",,,
clear.tickets,available,90,47%,5,"Manufacturing,Retail,Technology",,,
gripping.tickets,available,90,3%,8,"Entertainment,Media,Technology",,,
endearing.tickets,available,90,1%,9,"Entertainment,Fashion,Retail",,,
additional.tickets,available,90,8%,10,"Fashion,Retail,Technology",,,
adoring.tickets,available,90,2%,7,"Entertainment,Fashion,Retail",,,
abortive.tickets,available,90,1%,8,"Medicine,Science",,,
riveting.tickets,available,90,6%,8,"Entertainment,Media,Technology",,,
addictive.tickets,available,90,9%,9,Healthcare,,,
fifteen.tickets,available,88,13%,7,Mathematics,,,
proficient.tickets,available,88,8%,10,"Education,Health and Fitness,Sports",,,
activist.tickets,available,88,12%,8,"Humanities,Politics",,,
hundred.tickets,available,88,14%,7,Mathematics,,,
wide.tickets,available,88,18%,4,"Business,Media,Technology",,,
three.tickets,available,88,24%,5,Mathematics,,,
ten.tickets,available,88,28%,3,"General,Mathematics",,,
adlib.tickets,available,88,7%,6,Entertainment,,,
sixteen.tickets,available,88,11%,7,Mathematics,,,
eleven.tickets,available,88,33%,6,Mathematics,,,
ace.tickets,available,88,34%,3,Sports,,,
twelve.tickets,available,88,18%,6,"General,Mathematics",,,
actionable.tickets,available,88,13%,10,"Business,Law",,,
recondite.tickets,available,86,4%,9,"Arts,Humanities,Science",,,
intent.tickets,available,86,25%,6,"Business,Education,Technology",,,
engrossing.tickets,available,86,0%,10,"Entertainment,Media,Technology",,,
star.tickets,available,86,40%,4,"Entertainment,Media,Sports",,,
xix.tickets,available,86,11%,3,Mathematics,,,
adolescent.tickets,available,86,3%,10,"Education,Entertainment,Healthcare",,,
cipher.tickets,available,86,29%,6,Mathematics,,,
extempore.tickets,available,86,3%,9,Entertainment,,,
attendant.tickets,available,86,5%,9,"Healthcare,Hospitality,Transportation",,,
xiv.tickets,available,86,12%,3,Mathematics,,,
aboriginal.tickets,available,86,10%,10,Humanities,,,
adjustable.tickets,available,84,3%,10,"Manufacturing,Retail,Technology",,,
accessory.tickets,available,84,8%,9,"Fashion,Retail,Technology",,,
grand.tickets,available,84,25%,5,"Finance,General",,,
thirteen.tickets,available,84,10%,8,Mathematics,,,
seventeen.tickets,available,84,7%,9,Mathematics,,,
fourteen.tickets,available,84,8%,8,Mathematics,,,
deviate.tickets,available,84,12%,7,"Medicine,Science",,,
twentyone.tickets,available,84,13%,10,Mathematics,,,
thousand.tickets,available,84,8%,8,Mathematics,,,
twentytwo.tickets,available,84,11%,10,Mathematics,,,
nineteen.tickets,available,84,8%,8,Mathematics,,,
sharp.tickets,available,84,34%,5,"Arts,Fashion",,,
acting.tickets,available,84,12%,6,Entertainment,,,
enduring.tickets,available,82,9%,8,"Health and Fitness,Religion",,,
abenaki.tickets,available,82,2%,7,Geography,,,
cleansing.tickets,available,82,3%,9,Health and Fitness,,,
abroach.tickets,available,82,1%,7,Food and Beverage,,,
abkhaz.tickets,available,82,1%,6,Geography,,,
decade.tickets,available,82,10%,6,Mathematics,,,
impromptu.tickets,available,82,16%,9,Entertainment,,,
absorbent.tickets,available,82,3%,9,"Healthcare,Manufacturing,Retail",,,
fivesome.tickets,available,82,1%,8,Sports,,,
dozen.tickets,available,82,10%,5,Mathematics,,,
abdominal.tickets,available,82,1%,9,"Health and Fitness,Medicine",,,
altered.tickets,available,82,9%,7,"Medicine,Science",,,
two.tickets,available,80,24%,3,Mathematics,,,
superstar.tickets,available,80,18%,9,Entertainment,,,
dorsal.tickets,available,80,6%,6,"Medicine,Science",,,
capable.tickets,available,80,12%,7,"Business,Education,Technology",,,
worshipful.tickets,available,80,1%,10,"Education,Healthcare,Religion",,,
first.tickets,available,80,36%,5,"General,Mathematics",,,
some.tickets,available,80,32%,4,"Business,Media,Retail",,,
absurd.tickets,available,80,16%,6,"Arts,Entertainment,Media",,,
absorbable.tickets,available,80,0%,10,"Healthcare,Pharmaceuticals,Science",,,
abundant.tickets,available,80,19%,8,"Agriculture,Manufacturing,Retail",,,
forty.tickets,available,80,9%,5,Mathematics,,,
twenty.tickets,available,80,12%,6,Mathematics,,,
absolute.tickets,available,80,25%,8,"Engineering,Mathematics,Science",,,
able.tickets,available,80,29%,4,"Business,Education,General,Technology",,,
trio.tickets,available,80,21%,4,Entertainment,,,
seventh.tickets,available,80,10%,7,Mathematics,,,
adoptable.tickets,available,80,3%,9,"Education,Healthcare",,,
yard.tickets,available,80,26%,4,"Construction,General",,,
nine.tickets,available,80,24%,4,"General,Mathematics",,,
wiz.tickets,available,80,30%,3,"Business,Education,Technology",,,
sequent.tickets,available,80,7%,7,"Healthcare,Insurance,Transportation",,,
adjacent.tickets,available,78,9%,8,"Construction,Real Estate,Retail",,,
twentysix.tickets,available,78,8%,10,Mathematics,,,
sixtynine.tickets,available,78,8%,10,Mathematics,,,
abounding.tickets,available,78,2%,9,Agriculture,,,
accidental.tickets,available,78,11%,10,"Healthcare,Insurance,Transportation",,,
adorable.tickets,available,78,8%,8,"Entertainment,Fashion,Retail",,,
athletic.tickets,available,78,15%,8,"Health and Fitness,Sports",,,
accessible.tickets,available,78,21%,10,"Healthcare,Retail,Technology",,,
abkhazian.tickets,available,78,1%,9,Geography,,,
absorptive.tickets,available,78,1%,10,"Healthcare,Manufacturing,Retail",,,
dormant.tickets,available,78,4%,7,"Medicine,Science",,,
acceptant.tickets,available,78,1%,9,"Education,Healthcare",,,
accepted.tickets,available,78,6%,8,"Business,Education,Technology",,,
low.tickets,available,78,20%,3,"Business,Finance",,,
honestly.tickets,available,78,9%,8,"Business,Law",,,
accurate.tickets,available,78,16%,8,"Engineering,Mathematics,Science",,,
acceptable.tickets,available,78,5%,10,"Business,Hospitality,Retail",,,
recognised.tickets,available,78,3%,10,"Business,Education,Technology",,,
adrenal.tickets,available,78,4%,7,"Education,Healthcare,Science",,,
recognized.tickets,available,78,3%,10,"Business,Education,Technology",,,
abkhasian.tickets,available,78,1%,9,Geography,,,
hundredth.tickets,available,76,1%,9,Mathematics,,,
incidental.tickets,available,76,4%,10,"Healthcare,Insurance,Transportation",,,
adhesive.tickets,available,76,7%,8,"Construction,Manufacturing,Technology",,,
ancillary.tickets,available,76,6%,9,"Healthcare,Manufacturing,Technology",,,
adipose.tickets,available,76,2%,7,"Healthcare,Science",,,
nineteenth.tickets,available,76,3%,10,Mathematics,,,
ventral.tickets,available,76,3%,7,Science,,,
eighteen.tickets,available,76,7%,8,Mathematics,,,
obscene.tickets,available,76,5%,7,"Entertainment,Media",,,
acoustic.tickets,available,76,14%,8,Science,,,
improvise.tickets,available,76,4%,9,Entertainment,,,
thirteenth.tickets,available,76,4%,10,Mathematics,,,
resultant.tickets,available,76,2%,9,"Healthcare,Insurance,Transportation",,,
fifteenth.tickets,available,76,2%,9,Mathematics,,,
auxiliary.tickets,available,76,7%,9,"Healthcare,Manufacturing,Technology",,,
adaptive.tickets,available,76,28%,8,"Business,Education,Technology",,,
thousandth.tickets,available,76,1%,10,Mathematics,,,
adherent.tickets,available,76,4%,8,"Politics,Religion",,,
fourteenth.tickets,available,76,1%,10,Mathematics,,,
diamond.tickets,available,76,32%,7,Fashion,,,
threed.tickets,available,76,7%,7,Technology,,,
energizing.tickets,available,76,3%,10,"Food and Beverage,Health and Fitness,Travel",,,
addable.tickets,available,76,2%,7,"Engineering,Mathematics,Science",,,
firstrate.tickets,available,76,6%,10,Business,,,
abrasive.tickets,available,76,6%,8,"Construction,Manufacturing",,,
ague.tickets,available,76,2%,4,"Geography,Medicine,Science",,,
adaptable.tickets,available,76,9%,9,"Business,Education,Technology",,,
broad.tickets,available,74,13%,5,"Entertainment,General,Media",,,
supra.tickets,available,74,25%,5,"Medicine,Science",,,
achievable.tickets,available,74,4%,10,"Business,Education,Technology",,,
admirable.tickets,available,74,5%,9,"Business,Education,Healthcare",,,
manageable.tickets,available,74,4%,10,"Business,Education,Technology",,,
activated.tickets,available,74,9%,9,"Healthcare,Manufacturing,Technology",,,
mavin.tickets,available,74,7%,5,"Entertainment,Fashion,Technology",,,
abnormal.tickets,available,74,16%,8,"Medicine,Science",,,
aberrant.tickets,available,74,6%,8,"Medicine,Science",,,
adenoid.tickets,available,74,1%,7,"Health and Fitness,Medicine,Science",,,
cleared.tickets,available,74,7%,7,"Healthcare,Law,Transportation",,,
sensation.tickets,available,74,7%,9,"Entertainment,Media,Sports",,,
accepting.tickets,available,74,3%,9,"Education,Healthcare",,,
playing.tickets,available,74,12%,7,Entertainment,,,
adamant.tickets,available,74,14%,7,Religion,,,
acuate.tickets,available,74,2%,6,"Engineering,Medicine,Science",,,
realizable.tickets,available,74,1%,10,"Business,Education,Technology",,,
adrenergic.tickets,available,74,1%,10,"Education,Healthcare,Science",,,
single.tickets,available,74,19%,6,Sports,,,
skilful.tickets,available,74,3%,7,"Education,Health and Fitness,Sports",,,
adapted.tickets,available,74,6%,7,"Healthcare,Manufacturing,Technology",,,
eightieth.tickets,available,72,1%,9,Mathematics,,,
ablaze.tickets,available,72,6%,6,Entertainment,,,
trinity.tickets,available,72,18%,7,Religion,,,
absorbed.tickets,available,72,2%,8,"Entertainment,Media,Technology",,,
engrossed.tickets,available,72,1%,9,"Entertainment,Media,Technology",,,
adonic.tickets,available,72,2%,6,"Arts,Education,Entertainment",,,
accusative.tickets,available,72,0%,10,"Humanities,Law",,,
adaptative.tickets,available,72,1%,10,"Business,Education,Technology",,,
improvize.tickets,available,72,1%,9,Entertainment,,,
champion.tickets,available,72,28%,8,"Entertainment,Health and Fitness,Sports",,,
seventieth.tickets,available,72,1%,10,Mathematics,,,
adiabatic.tickets,available,72,3%,9,"Engineering,Science",,,
abloom.tickets,available,72,5%,6,Agriculture,,,
deep.tickets,available,72,41%,4,"Engineering,Mathematics,Science",,,
lovely.tickets,available,72,26%,6,"Entertainment,Fashion,Retail",,,
absolutist.tickets,available,72,1%,10,"Humanities,Law,Politics",,,
sixtieth.tickets,available,72,1%,8,Mathematics,,,
ternary.tickets,available,72,7%,7,Mathematics,,,
liv.tickets,available,72,27%,3,Mathematics,,,
ninetieth.tickets,available,72,1%,9,Mathematics,,,
existent.tickets,available,72,3%,8,"Mathematics,Science",,,
abreast.tickets,available,72,2%,7,"Business,Technology",,,
adjunctive.tickets,available,72,1%,10,"Healthcare,Manufacturing,Technology",,,
addicted.tickets,available,72,9%,8,Healthcare,,,
trey.tickets,available,72,14%,4,Sports,,,
accustomed.tickets,available,72,1%,10,"Business,Education,Humanities",,,
aching.tickets,available,72,4%,6,Healthcare,,,
adjectival.tickets,available,72,1%,10,Education,,,
practiced.tickets,available,70,3%,9,"Education,Health and Fitness,Sports",,,
skillful.tickets,available,70,9%,8,"Education,Health and Fitness,Sports",,,
acuminate.tickets,available,70,1%,9,"Engineering,Medicine,Science",,,
abulic.tickets,available,70,1%,6,Medicine,,,
recumbent.tickets,available,70,2%,9,"Healthcare,Medicine,Science",,,
consequent.tickets,available,70,3%,10,"Business,Education,General,Technology",,,
unity.tickets,available,70,40%,5,Mathematics,,,
tiptop.tickets,available,70,24%,6,Fashion,,,
stillborn.tickets,available,70,2%,9,"Medicine,Science",,,
adjusted.tickets,available,70,5%,8,"Manufacturing,Retail,Technology",,,
abradant.tickets,available,70,1%,8,"Construction,Manufacturing",,,
accumbent.tickets,available,70,1%,9,"Healthcare,Medicine,Science",,,
offhand.tickets,available,70,2%,7,Entertainment,,,
adored.tickets,available,70,6%,6,"Entertainment,Fashion,Retail",,,
admired.tickets,available,70,5%,7,"Business,Education,Healthcare",,,
gymnastic.tickets,available,70,3%,9,"Entertainment,Sports",,,
adamantine.tickets,available,70,4%,10,Religion,,,
lowdown.tickets,available,70,6%,8,"Entertainment,Media",,,
absorbing.tickets,available,70,3%,9,"Entertainment,Media,Technology",,,
miserable.tickets,available,70,4%,9,Humanities,,,
overseas.tickets,available,68,12%,8,"Hospitality,Travel",,,
fortieth.tickets,available,68,0%,8,Mathematics,,,
aberdonian.tickets,available,68,1%,10,Geography,,,
achaian.tickets,available,68,2%,7,Humanities,,,
disciple.tickets,available,68,14%,8,"Education,Religion",,,
ennead.tickets,available,68,5%,6,Mathematics,,,
acerate.tickets,available,68,1%,7,Science,,,
aculeate.tickets,available,68,1%,8,"Engineering,Medicine,Science",,,
activating.tickets,available,68,3%,10,"Healthcare,Manufacturing,Technology",,,
achaean.tickets,available,68,2%,7,Humanities,,,
septenary.tickets,available,68,1%,9,Mathematics,,,
stygian.tickets,available,68,5%,7,Humanities,,,
abkhas.tickets,available,68,0%,6,Geography,,,
foursome.tickets,available,68,4%,8,Sports,,,
accredited.tickets,available,68,9%,10,"Business,Education,Healthcare",,,
abnaki.tickets,available,68,1%,6,Geography,,,
vindicated.tickets,available,68,2%,10,"Humanities,Law,Politics",,,
licensed.tickets,available,68,5%,8,"Business,Healthcare,Insurance",,,
fiftieth.tickets,available,68,0%,8,Mathematics,,,
octonary.tickets,available,68,1%,8,Mathematics,,,
scurvy.tickets,available,68,3%,6,Humanities,,,
licenced.tickets,available,68,2%,8,"Business,Healthcare,Insurance",,,
ane.tickets,available,68,12%,3,Mathematics,,,
sevener.tickets,available,68,1%,7,Mathematics,,,
ablative.tickets,available,68,3%,8,Science,,,
decorated.tickets,available,68,3%,9,"Entertainment,Fashion,Retail",,,
threesome.tickets,available,68,5%,9,Entertainment,,,
abducent.tickets,available,68,0%,8,Medicine,,,
aroused.tickets,available,68,3%,7,"Entertainment,Health and Fitness",,,
thirtieth.tickets,available,68,1%,9,Mathematics,,,
buzzing.tickets,available,66,7%,7,"Entertainment,Media,Technology",,,
adorned.tickets,available,66,5%,7,"Entertainment,Fashion,Retail",,,
according.tickets,available,66,3%,9,"Business,Education,Technology",,,
ninety.tickets,available,66,11%,6,Mathematics,,,
xxv.tickets,available,66,6%,3,Mathematics,,,
abstinent.tickets,available,66,1%,9,"Health and Fitness,Religion",,,
adopted.tickets,available,66,4%,7,"Education,Healthcare",,,
six.tickets,available,66,26%,3,Mathematics,,,
maven.tickets,available,66,30%,5,"Entertainment,Fashion,Technology",,,
acervate.tickets,available,66,1%,8,Science,,,
five.tickets,available,66,26%,4,Mathematics,,,
thirty.tickets,available,66,8%,6,Mathematics,,,
fifty.tickets,available,66,12%,5,Mathematics,,,
onec.tickets,available,66,6%,5,Mathematics,,,
xvii.tickets,available,66,5%,4,Mathematics,,,
xxi.tickets,available,66,10%,3,Mathematics,,,
latest.tickets,available,66,18%,6,Technology,,,
xviii.tickets,available,66,5%,5,Mathematics,,,
teenager.tickets,available,66,4%,8,"Education,Entertainment,Healthcare",,,
xiii.tickets,available,66,9%,4,Mathematics,,,
deuce.tickets,available,66,9%,5,Sports,,,
tenner.tickets,available,66,5%,6,Finance,,,
acrobatic.tickets,available,66,4%,9,"Entertainment,Sports",,,
xxvi.tickets,available,66,3%,4,Mathematics,,,
performing.tickets,available,66,6%,10,Entertainment,,,
four.tickets,available,66,27%,4,Mathematics,,,
clv.tickets,available,66,10%,3,Mathematics,,,
xvi.tickets,available,66,5%,3,Mathematics,,,
xxii.tickets,available,66,6%,4,Mathematics,,,
century.tickets,available,66,17%,7,Education,,,
exonerated.tickets,available,66,2%,10,"Humanities,Law,Politics",,,
modish.tickets,available,66,5%,6,Fashion,,,
sextet.tickets,available,66,1%,6,Entertainment,,,
acappella.tickets,available,66,6%,10,Entertainment,,,
eighty.tickets,available,66,6%,6,Mathematics,,,
accessary.tickets,available,66,1%,9,"Business,Law,Technology",,,
xii.tickets,available,66,10%,3,Mathematics,,,
astringent.tickets,available,64,1%,10,"Healthcare,Pharmaceuticals",,,
rising.tickets,available,64,18%,6,"Construction,Manufacturing,Real Estate",,,
aflame.tickets,available,64,3%,6,Entertainment,,,
absolved.tickets,available,64,1%,8,"Humanities,Law,Religion",,,
acentric.tickets,available,64,2%,8,Science,,,
nondrinker.tickets,available,64,1%,10,"Health and Fitness,Religion",,,
deviant.tickets,available,64,12%,7,"Medicine,Science",,,
scatty.tickets,available,64,1%,6,"Arts,Entertainment,Media",,,
ccc.tickets,available,64,38%,3,Mathematics,,,
accordant.tickets,available,64,3%,9,"Arts,Entertainment",,,
adagio.tickets,available,64,14%,6,Entertainment,,,
twodozen.tickets,available,62,1%,9,Mathematics,,,
eighteenth.tickets,available,62,1%,10,Mathematics,,,
quartet.tickets,available,62,7%,7,"Arts,Entertainment",,,
orso.tickets,available,62,9%,5,"Business,Media,Technology",,,
accusing.tickets,available,62,1%,8,Law,,,
cumulative.tickets,available,62,2%,10,"Banking,Finance,Insurance",,,
fortyfour.tickets,available,62,6%,10,Mathematics,,,
accrued.tickets,available,62,2%,7,"Banking,Finance,Insurance",,,
pungent.tickets,available,62,1%,7,Food and Beverage,,,
adjuvant.tickets,available,62,5%,8,"Healthcare,Manufacturing,Technology",,,
activation.tickets,available,62,16%,10,"Healthcare,Manufacturing,Technology",,,
longdozen.tickets,available,62,2%,10,Mathematics,,,
roughly.tickets,available,62,3%,7,"Business,Media,Technology",,,
sixteenth.tickets,available,62,1%,9,Mathematics,,,
abo.tickets,available,62,15%,3,Science,,,
ensuant.tickets,available,62,1%,7,"Healthcare,Insurance,Transportation",,,
adoptive.tickets,available,62,1%,8,"Education,Healthcare",,,
chiliad.tickets,available,62,2%,7,Mathematics,,,
wrapped.tickets,available,62,13%,7,"Fashion,Hospitality,Retail",,,
aufait.tickets,available,62,3%,7,"Fashion,Media",,,
admissible.tickets,available,62,1%,10,"Education,Healthcare,Law",,,
troika.tickets,available,62,8%,6,Politics,,,
aborigine.tickets,available,62,1%,9,Humanities,,,
eleventh.tickets,available,62,5%,8,Mathematics,,,
nail.tickets,available,62,16%,4,"Construction,Fashion,General,Retail",,,
playacting.tickets,available,62,1%,10,Entertainment,,,
acidic.tickets,available,62,5%,6,"Food and Beverage,Science",,,
exculpated.tickets,available,62,1%,10,"Humanities,Law,Politics",,,
activistic.tickets,available,62,1%,10,"Humanities,Politics",,,
clx.tickets,available,60,10%,3,Mathematics,,,
adnexal.tickets,available,60,1%,7,"Agriculture,Manufacturing,Retail",,,
annexal.tickets,available,60,1%,7,"Agriculture,Manufacturing,Retail",,,
cxv.tickets,available,60,4%,3,Mathematics,,,
abstemious.tickets,available,60,0%,10,"Food and Beverage,Health and Fitness,Hospitality",,,
cxx.tickets,available,60,10%,3,Mathematics,,,
eightysix.tickets,available,60,7%,10,Mathematics,,,
adnate.tickets,available,60,1%,6,"Agriculture,Manufacturing,Retail",,,
cxl.tickets,available,60,7%,3,Mathematics,,,
cxlv.tickets,available,60,2%,4,Mathematics,,,
abstainer.tickets,available,60,0%,9,"Health and Fitness,Religion",,,
aboveboard.tickets,available,60,5%,10,"Business,Law",,,
paunchy.tickets,available,60,0%,7,"Health and Fitness,Medicine",,,
clxx.tickets,available,60,3%,4,Mathematics,,,
cxxv.tickets,available,60,1%,4,Mathematics,,,
clxxv.tickets,available,60,1%,5,Mathematics,,,
cxxx.tickets,available,60,4%,4,Mathematics,,,
cautionary.tickets,available,60,1%,10,"Business,Education,Healthcare",,,
idolised.tickets,available,60,1%,8,"Entertainment,Fashion,Retail",,,
abashed.tickets,available,60,1%,7,Humanities,,,
sixty.tickets,available,60,13%,5,Mathematics,,,
tertiary.tickets,available,60,4%,8,Education,,,
thou.tickets,available,60,7%,4,Mathematics,,,
xcl.tickets,available,60,5%,3,Mathematics,,,
octet.tickets,available,60,12%,5,Arts,,,
acceptive.tickets,available,60,1%,9,"Education,Healthcare",,,
clxv.tickets,available,60,1%,4,Mathematics,,,
idolized.tickets,available,60,3%,8,"Entertainment,Fashion,Retail",,,
cxxxv.tickets,available,60,2%,5,Mathematics,,,
clxxx.tickets,available,60,1%,5,Mathematics,,,
tercet.tickets,available,59,2%,6,"Arts,Entertainment,Media",,,
aucourant.tickets,available,58,3%,10,"Fashion,Media",,,
adhoc.tickets,available,58,24%,6,"Business,Engineering,Technology",,,
accretive.tickets,available,58,6%,9,"Banking,Finance,Insurance",,,
alacarte.tickets,available,58,11%,10,Food and Beverage,,,
sixer.tickets,available,58,5%,5,Sports,,,
pentad.tickets,available,58,2%,6,Mathematics,,,
super.tickets,available,58,47%,5,Business,,,
centesimal.tickets,available,58,1%,10,Mathematics,,,
hexad.tickets,available,58,4%,5,Mathematics,,,
linear.tickets,available,58,22%,6,"Engineering,Mathematics,Science",,,
sixtyone.tickets,available,58,3%,9,Mathematics,,,
eighter.tickets,available,58,2%,7,Mathematics,,,
abused.tickets,available,58,5%,6,"Healthcare,Law",,,
actuarial.tickets,available,58,8%,9,"Finance,Insurance,Mathematics",,,
adient.tickets,available,58,4%,6,"Medicine,Science",,,
heptad.tickets,available,58,1%,6,Mathematics,,,
lxxx.tickets,available,58,2%,4,Mathematics,,,
fifth.tickets,available,58,12%,5,Mathematics,,,
abridged.tickets,available,58,4%,8,Media,,,
niner.tickets,available,58,5%,5,Mathematics,,,
offhanded.tickets,available,58,1%,9,Entertainment,,,
closeto.tickets,available,58,3%,8,"Business,Media,Technology",,,
acetic.tickets,available,58,1%,6,"Food and Beverage,Science",,,
cypher.tickets,available,58,29%,6,Mathematics,,,
addible.tickets,available,58,2%,7,"Engineering,Mathematics,Science",,,
abandoned.tickets,available,58,10%,9,"Construction,Real Estate",,,
accoutred.tickets,available,58,1%,9,"Fashion,Manufacturing,Retail",,,
abuzz.tickets,available,58,5%,5,"Entertainment,Media,Technology",,,
twelfth.tickets,available,58,2%,7,Mathematics,,,
octad.tickets,available,58,5%,5,Mathematics,,,
adjustive.tickets,available,58,1%,9,"Manufacturing,Retail,Technology",,,
lxxviii.tickets,available,58,1%,7,Mathematics,,,
addressed.tickets,available,58,3%,9,"Business,Technology,Telecommunications",,,
tetrad.tickets,available,58,5%,6,Mathematics,,,
acyclic.tickets,available,58,4%,7,"Engineering,Mathematics,Science",,,
seventy.tickets,available,58,7%,7,Mathematics,,,
fourth.tickets,available,58,13%,6,Mathematics,,,
justabout.tickets,available,58,3%,10,"Business,Media,Technology",,,
fourscore.tickets,available,58,4%,9,Mathematics,,,
accented.tickets,available,58,3%,8,"Arts,Entertainment",,,
seven.tickets,available,58,36%,5,Mathematics,,,
quintet.tickets,available,58,8%,7,"Arts,Entertainment",,,
sextuplet.tickets,available,58,1%,9,Healthcare,,,
ache.tickets,available,58,7%,4,Healthcare,,,
enwrapped.tickets,available,58,0%,9,"Entertainment,Fashion,Media",,,
lvi.tickets,available,56,8%,3,Mathematics,,,
fortysix.tickets,available,56,3%,9,Mathematics,,,
xxxii.tickets,available,56,1%,5,Mathematics,,,
xxiii.tickets,available,56,5%,5,Mathematics,,,
fiftyfive.tickets,available,56,7%,10,Mathematics,,,
triad.tickets,available,56,15%,5,Arts,,,
terzetto.tickets,available,56,3%,8,Arts,,,
aone.tickets,available,56,15%,5,Food and Beverage,,,
admittible.tickets,available,56,1%,10,"Education,Healthcare,Hospitality",,,
fortytwo.tickets,available,56,17%,9,Mathematics,,,
accoutered.tickets,available,56,0%,10,"Fashion,Manufacturing,Retail",,,
fiftysix.tickets,available,56,4%,9,Mathematics,,,
xxxviii.tickets,available,56,1%,7,Mathematics,,,
maledict.tickets,available,56,1%,8,Religion,,,
abeyant.tickets,available,56,1%,7,"Business,Law",,,
thirtyone.tickets,available,56,5%,10,Mathematics,,,
xxxvii.tickets,available,56,2%,6,Mathematics,,,
fiftyfour.tickets,available,56,3%,10,Mathematics,,,
xxxiii.tickets,available,56,2%,6,Mathematics,,,
thirtytwo.tickets,available,56,5%,10,Mathematics,,,
potbellied.tickets,available,56,0%,10,"Health and Fitness,Medicine",,,
xlvi.tickets,available,56,3%,4,Mathematics,,,
xxxv.tickets,available,56,4%,4,Mathematics,,,
admissive.tickets,available,56,1%,9,"Education,Healthcare,Hospitality",,,
xli.tickets,available,56,5%,3,Mathematics,,,
xliii.tickets,available,56,1%,5,Mathematics,,,
xxiv.tickets,available,56,5%,4,Mathematics,,,
xliv.tickets,available,56,2%,4,Mathematics,,,
fiftytwo.tickets,available,56,6%,9,Mathematics,,,
liii.tickets,available,56,4%,4,Mathematics,,,
fortyone.tickets,available,56,4%,9,Mathematics,,,
addled.tickets,available,56,2%,6,Entertainment,,,
fiftynine.tickets,available,56,4%,10,Mathematics,,,
fiftyone.tickets,available,56,7%,9,Mathematics,,,
xxxi.tickets,available,56,9%,4,Mathematics,,,
xlviii.tickets,available,56,1%,6,Mathematics,,,
thirtysix.tickets,available,56,5%,10,Mathematics,,,
appressed.tickets,available,56,0%,9,"Agriculture,Manufacturing,Retail",,,
xxviii.tickets,available,56,1%,6,Mathematics,,,
halfdozen.tickets,available,56,1%,10,Mathematics,,,
xlii.tickets,available,56,5%,4,Mathematics,,,
abdominous.tickets,available,56,0%,10,"Health and Fitness,Medicine",,,
xlvii.tickets,available,56,2%,5,Mathematics,,,
xlv.tickets,available,56,6%,3,Mathematics,,,
xxxvi.tickets,available,56,1%,5,Mathematics,,,
lviii.tickets,available,56,1%,5,Mathematics,,,
ilx.tickets,available,56,5%,3,Mathematics,,,
lvii.tickets,available,56,1%,4,Mathematics,,,
admittable.tickets,available,56,1%,10,"Education,Healthcare,Hospitality",,,
fortynine.tickets,available,56,3%,10,Mathematics,,,
xxxiv.tickets,available,56,1%,5,Mathematics,,,
xxix.tickets,available,56,4%,4,Mathematics,,,
xxvii.tickets,available,56,3%,5,Mathematics,,,
accentual.tickets,available,54,3%,9,"Arts,Entertainment",,,
abasic.tickets,available,54,1%,6,Science,,,
achromatic.tickets,available,54,4%,10,Science,,,
sise.tickets,available,54,5%,4,Mathematics,,,
abatable.tickets,available,54,1%,8,Law,,,
ternion.tickets,available,54,3%,7,Mathematics,,,
achy.tickets,available,54,3%,4,Healthcare,,,
twoscore.tickets,available,54,2%,8,Mathematics,,,
quaternion.tickets,available,54,6%,10,Mathematics,,,
fortyfive.tickets,available,54,4%,10,Mathematics,,,
quaternity.tickets,available,54,4%,10,Mathematics,,,
viii.tickets,available,54,6%,4,Mathematics,,,
aboral.tickets,available,54,2%,6,Science,,,
monitory.tickets,available,54,3%,8,"Business,Education,Healthcare",,,
acoustical.tickets,available,54,4%,10,Science,,,
abatic.tickets,available,54,1%,6,Science,,,
adaxial.tickets,available,54,2%,7,Science,,,
actuated.tickets,available,54,2%,8,"Automotive,Manufacturing,Technology",,,
admonitory.tickets,available,54,0%,10,"Business,Education,Healthcare",,,
abducens.tickets,available,54,1%,8,Medicine,,,
adductive.tickets,available,54,0%,9,"Engineering,Mathematics,Science",,,
accursed.tickets,available,54,3%,8,"Entertainment,Media,Religion",,,
quintuplet.tickets,available,54,1%,10,"Healthcare,Medicine,Science",,,
threescore.tickets,available,54,1%,10,Mathematics,,,
abient.tickets,available,54,1%,6,Science,,,
unnatural.tickets,available,54,4%,9,"Medicine,Science",,,
vii.tickets,available,54,13%,3,Mathematics,,,
quadruplet.tickets,available,54,1%,10,"Healthcare,Medicine,Science",,,
abhorrent.tickets,available,54,1%,9,Humanities,,,
adducent.tickets,available,54,1%,8,"Engineering,Mathematics,Science",,,
adjuratory.tickets,available,54,0%,10,"Law,Politics,Religion",,,
adducting.tickets,available,54,1%,9,"Engineering,Mathematics,Science",,,
deuceace.tickets,available,54,2%,9,Sports,,,
abaxial.tickets,available,54,1%,7,Science,,,
fin.tickets,available,54,30%,3,Finance,,,
iii.tickets,available,54,24%,3,Mathematics,,,
adpressed.tickets,available,54,0%,9,"Agriculture,Manufacturing,Retail",,,
topnotch.tickets,available,54,18%,8,Business,,,
deserted.tickets,available,54,3%,8,"Hospitality,Real Estate",,,
scratchy.tickets,available,54,3%,8,Fashion,,,
quatern.tickets,available,54,2%,7,Mathematics,,,
sestet.tickets,available,53,1%,6,Arts,,,
septet.tickets,available,53,1%,6,General,,,
xxx.tickets,available,53,30%,3,"Arts,Entertainment,Media",,,
abusive.tickets,available,52,3%,7,"Healthcare,Law",,,
repugnant.tickets,available,52,1%,9,Humanities,,,
ninetyone.tickets,available,52,5%,10,Mathematics,,,
chagrined.tickets,available,52,1%,9,Humanities,,,
xcvii.tickets,available,52,1%,5,Mathematics,,,
xciii.tickets,available,52,1%,5,Mathematics,,,
xcii.tickets,available,52,2%,4,Mathematics,,,
eightytwo.tickets,available,52,4%,10,Mathematics,,,
ninetysix.tickets,available,52,4%,10,Mathematics,,,
decumbent.tickets,available,52,1%,9,"Healthcare,Medicine,Science",,,
lxxvii.tickets,available,52,2%,6,Mathematics,,,
xci.tickets,available,52,4%,3,Mathematics,,,
lxviii.tickets,available,52,1%,6,Mathematics,,,
lxiii.tickets,available,52,2%,5,Mathematics,,,
lxvii.tickets,available,52,1%,5,Mathematics,,,
lxxiv.tickets,available,52,1%,5,Mathematics,,,
lxiv.tickets,available,52,3%,4,Mathematics,,,
sixtysix.tickets,available,52,4%,9,Mathematics,,,
ablated.tickets,available,52,1%,7,Science,,,
repulsive.tickets,available,52,1%,9,Humanities,,,
xcv.tickets,available,52,7%,3,Mathematics,,,
lxxxii.tickets,available,52,1%,6,Mathematics,,,
lxv.tickets,available,52,5%,3,Mathematics,,,
lxxxi.tickets,available,52,1%,5,Mathematics,,,
abominable.tickets,available,52,2%,10,"Entertainment,Humanities",,,
abysmal.tickets,available,52,4%,7,"Arts,Entertainment,Media",,,
adenoidal.tickets,available,52,1%,9,"Health and Fitness,Medicine,Science",,,
aboulic.tickets,available,52,1%,7,Medicine,,,
odious.tickets,available,52,2%,6,"Entertainment,Humanities",,,
lxxi.tickets,available,52,1%,4,Mathematics,,,
lxxxvii.tickets,available,52,1%,7,Mathematics,,,
detestable.tickets,available,52,1%,10,Humanities,,,
lxxxv.tickets,available,52,1%,5,Mathematics,,,
lxvi.tickets,available,52,3%,4,Mathematics,,,
xcvi.tickets,available,52,2%,4,Mathematics,,,
tierce.tickets,available,52,3%,6,General,,,
lxxxiv.tickets,available,52,1%,6,Mathematics,,,
xcviii.tickets,available,52,1%,6,Mathematics,,,
lxxxvi.tickets,available,52,1%,6,Mathematics,,,
littlejoe.tickets,available,52,2%,10,"Entertainment,Media",,,
lxxxiii.tickets,available,52,1%,7,Mathematics,,,
abstruse.tickets,available,52,5%,8,"Humanities,Mathematics,Science",,,
sixtyfive.tickets,available,52,3%,10,Mathematics,,,
lxii.tickets,available,52,1%,4,Mathematics,,,
ixc.tickets,available,52,5%,3,Mathematics,,,
sixtytwo.tickets,available,52,3%,9,Mathematics,,,
uphill.tickets,available,52,7%,6,"Sports,Transportation,Travel",,,
sixtyfour.tickets,available,52,3%,10,Mathematics,,,
ninetytwo.tickets,available,52,4%,10,Mathematics,,,
lxxvi.tickets,available,52,1%,5,Mathematics,,,
lxxii.tickets,available,52,1%,5,Mathematics,,,
xciv.tickets,available,52,2%,4,Mathematics,,,
lxxv.tickets,available,52,1%,4,Mathematics,,,
eightyone.tickets,available,52,3%,10,Mathematics,,,
lxi.tickets,available,52,5%,3,Mathematics,,,
lxxiii.tickets,available,52,1%,6,Mathematics,,,
ixl.tickets,available,52,9%,3,Mathematics,,,
triplet.tickets,available,50,8%,7,Science,,,
acerose.tickets,available,50,1%,7,Science,,,
broached.tickets,available,50,0%,8,Food and Beverage,,,
gillless.tickets,available,50,0%,9,Science,,,
aculeated.tickets,available,50,0%,9,"Engineering,Medicine,Science",,,
vinegary.tickets,available,50,1%,8,Food and Beverage,,,
acquitted.tickets,available,50,1%,9,Law,,,
abomasal.tickets,available,50,0%,8,Agriculture,,,
abbatial.tickets,available,50,0%,8,Religion,,,
scummy.tickets,available,50,1%,6,Humanities,,,
abdicable.tickets,available,50,0%,9,Law,,,
trine.tickets,available,50,11%,5,"General,Religion",,,
cinque.tickets,available,50,7%,6,Mathematics,,,
adactylous.tickets,available,50,0%,10,Science,,,
ogdoad.tickets,available,50,1%,6,Mathematics,,,
needlelike.tickets,available,50,0%,10,"Engineering,Medicine,Science",,,
acapnotic.tickets,available,50,0%,9,"Healthcare,Medicine,Science",,,
abranchial.tickets,available,50,0%,10,Science,,,
lxx.tickets,available,50,5%,3,Mathematics,,,
acellular.tickets,available,50,1%,9,Science,,,
spinous.tickets,available,50,1%,7,"Agriculture,Science",,,
acerb.tickets,available,50,2%,5,Science,,,
abactinal.tickets,available,50,0%,9,Science,,,
adhominem.tickets,available,50,2%,10,"Humanities,Law,Politics",,,
abducting.tickets,available,50,0%,9,Medicine,,,
acaudal.tickets,available,50,1%,7,"Agriculture,Science",,,
acerbic.tickets,available,50,2%,7,"Arts,Humanities,Media",,,
acetous.tickets,available,50,1%,7,Science,,,
acetose.tickets,available,50,1%,7,Science,,,
acapnic.tickets,available,50,0%,7,"Healthcare,Medicine,Science",,,
aborticide.tickets,available,50,0%,10,Medicine,,,
quint.tickets,available,50,13%,5,"Arts,Entertainment",,,
lxxxviii.tickets,available,48,1%,8,Mathematics,,,
execrable.tickets,available,48,0%,9,"Entertainment,Humanities",,,
abstracted.tickets,available,48,5%,10,"Arts,Humanities,Science",,,
apriori.tickets,available,48,13%,8,Mathematics,,,
ilxxx.tickets,available,48,1%,5,Mathematics,,,
abyssal.tickets,available,48,12%,7,"Arts,Entertainment,Media",,,
ilxx.tickets,available,48,1%,4,Mathematics,,,
notguilty.tickets,available,48,5%,10,Law,,,
acarpelous.tickets,available,46,0%,10,"Agriculture,Science",,,
theabsurd.tickets,available,46,1%,10,"Arts,Entertainment,Media",,,
quaternary.tickets,available,46,3%,10,Mathematics,,,
acetonic.tickets,available,46,1%,8,Science,,,
stripling.tickets,available,46,2%,9,"Education,Entertainment,Healthcare",,,
vinegarish.tickets,available,46,1%,10,Food and Beverage,,,
acarpous.tickets,available,46,0%,8,"Agriculture,Science",,,
acapnial.tickets,available,46,0%,8,"Healthcare,Medicine,Science",,,
acanthous.tickets,available,46,0%,9,"Agriculture,Science",,,
acaudate.tickets,available,46,1%,8,"Agriculture,Science",,,
acanthoid.tickets,available,46,1%,9,"Agriculture,Science",,,
achromic.tickets,available,46,2%,8,Science,,,
acetylic.tickets,available,46,1%,8,Science,,,
acephalous.tickets,available,46,1%,10,Science,,,
acheronian.tickets,available,46,1%,10,Humanities,,,
achenial.tickets,available,46,1%,8,Science,,,
acetabular.tickets,available,46,1%,10,Science,,,
cotyloid.tickets,available,46,1%,8,Science,,,
acicular.tickets,available,46,2%,8,Science,,,
stemless.tickets,available,46,2%,8,"Agriculture,Science",,,
acanthotic.tickets,available,46,0%,10,"Agriculture,Science",,,
achromous.tickets,available,46,1%,9,Science,,,
acetylenic.tickets,available,46,1%,10,Science,,,
accusatory.tickets,available,44,1%,10,Law,,,
cotyloidal.tickets,available,44,1%,10,Science,,,
acherontic.tickets,available,44,1%,10,Humanities,,,
abscessed.tickets,available,41,0%,9,Healthcare,,,
phoebe.tickets,available,41,14%,6,Science,,,
scurrilous.tickets,available,40,1%,10,"Entertainment,Media,Politics",,,
accurst.tickets,available,40,1%,7,Religion,,,
accusive.tickets,available,40,1%,8,Law,,,